test_id,success,is_verified,false_acceptance,planning_time_ms,verification_latency_ms,planner_latency_ms,expanded_search_nodes,graph_reachable,lifecycle_recovered,telemetry_attributed,plan_depth,graph_depth,candidate_count
logic_01_run_0,True,True,False,66.9746000203304,26.78984000813216,33.4873000101652,1,True,True,True,1,1,1
logic_02_contradiction_run_0,True,False,False,27.345700014848262,10.938280005939305,13.672850007424131,0,False,,True,1,1,1
logic_01_run_1,True,True,False,32.32739999657497,12.930959998629987,16.163699998287484,1,True,True,True,1,1,1
logic_02_contradiction_run_1,True,False,False,27.760500030126423,11.104200012050569,13.880250015063211,0,False,,True,1,1,1
logic_01_run_2,True,True,False,30.424099997617304,12.169639999046922,15.212049998808652,1,True,True,True,1,1,1
logic_02_contradiction_run_2,True,False,False,27.041300025302917,10.816520010121167,13.520650012651458,0,False,,True,1,1,1
logic_01_run_3,True,True,False,31.695300014689565,12.678120005875826,15.847650007344782,1,True,True,True,1,1,1
logic_02_contradiction_run_3,True,False,False,24.92349996464327,9.969399985857308,12.461749982321635,0,False,,True,1,1,1
logic_01_run_4,True,True,False,30.42319999076426,12.169279996305704,15.21159999538213,1,True,True,True,1,1,1
logic_02_contradiction_run_4,True,False,False,27.55929995328188,11.023719981312752,13.77964997664094,0,False,,True,1,1,1
logic_01_run_5,True,True,False,34.29280000273138,13.717120001092553,17.14640000136569,1,True,True,True,1,1,1
logic_02_contradiction_run_5,True,False,False,25.9129999903962,10.36519999615848,12.9564999951981,0,False,,True,1,1,1
logic_01_run_6,True,True,False,26.623899990227073,10.64955999609083,13.311949995113537,1,True,True,True,1,1,1
logic_02_contradiction_run_6,True,False,False,26.26610000152141,10.506440000608563,13.133050000760704,0,False,,True,1,1,1
logic_01_run_7,True,True,False,29.917699983343482,11.967079993337393,14.958849991671741,1,True,True,True,1,1,1
logic_02_contradiction_run_7,True,False,False,28.663399978540838,11.465359991416335,14.331699989270419,0,False,,True,1,1,1
logic_01_run_8,True,True,False,33.20099995471537,13.280399981886148,16.600499977357686,1,True,True,True,1,1,1
logic_02_contradiction_run_8,True,False,False,28.327899985015392,11.331159994006157,14.163949992507696,0,False,,True,1,1,1
logic_01_run_9,True,True,False,32.973700028378516,13.189480011351407,16.486850014189258,1,True,True,True,1,1,1
logic_02_contradiction_run_9,True,False,False,24.973399995360523,9.98935999814421,12.486699997680262,0,False,,True,1,1,1
logic_01_run_10,True,True,False,28.42029999010265,11.36811999604106,14.210149995051324,1,True,True,True,1,1,1
logic_02_contradiction_run_10,True,False,False,22.506000008434057,9.002400003373623,11.253000004217029,0,False,,True,1,1,1
logic_01_run_11,True,True,False,33.70390000054613,13.481560000218451,16.851950000273064,1,True,True,True,1,1,1
logic_02_contradiction_run_11,True,False,False,29.18159996625036,11.672639986500144,14.59079998312518,0,False,,True,1,1,1
logic_01_run_12,True,True,False,32.55519998492673,13.022079993970692,16.277599992463365,1,True,True,True,1,1,1
logic_02_contradiction_run_12,True,False,False,30.057900003157556,12.023160001263022,15.028950001578778,0,False,,True,1,1,1
logic_01_run_13,True,True,False,33.37349998764694,13.349399995058775,16.68674999382347,1,True,True,True,1,1,1
logic_02_contradiction_run_13,True,False,False,30.41429998120293,12.165719992481172,15.207149990601465,0,False,,True,1,1,1
logic_01_run_14,True,True,False,35.371000005397946,14.148400002159178,17.685500002698973,1,True,True,True,1,1,1
logic_02_contradiction_run_14,True,False,False,31.500799988862127,12.60031999554485,15.750399994431064,0,False,,True,1,1,1
logic_01_run_15,True,True,False,33.43509999103844,13.374039996415377,16.71754999551922,1,True,True,True,1,1,1
logic_02_contradiction_run_15,True,False,False,29.271500010509044,11.708600004203618,14.635750005254522,0,False,,True,1,1,1
logic_01_run_16,True,True,False,32.4525999603793,12.981039984151721,16.22629998018965,1,True,True,True,1,1,1
logic_02_contradiction_run_16,True,False,False,29.97269999468699,11.989079997874796,14.986349997343495,0,False,,True,1,1,1
logic_01_run_17,True,True,False,33.39880000567064,13.359520002268255,16.69940000283532,1,True,True,True,1,1,1
logic_02_contradiction_run_17,True,False,False,29.47940002195537,11.791760008782148,14.739700010977685,0,False,,True,1,1,1
logic_01_run_18,True,True,False,32.882200030144304,13.152880012057722,16.441100015072152,1,True,True,True,1,1,1
logic_02_contradiction_run_18,True,False,False,29.43500003311783,11.774000013247132,14.717500016558915,0,False,,True,1,1,1
logic_01_run_19,True,True,False,33.45000004628673,13.380000018514693,16.725000023143366,1,True,True,True,1,1,1
logic_02_contradiction_run_19,True,False,False,30.259399965871125,12.10375998634845,15.129699982935563,0,False,,True,1,1,1
logic_01_run_20,True,True,False,34.938399970997125,13.97535998839885,17.469199985498562,1,True,True,True,1,1,1
logic_02_contradiction_run_20,True,False,False,36.87240002909675,14.748960011638701,18.436200014548376,0,False,,True,1,1,1
logic_01_run_21,True,True,False,30.97570000682026,12.390280002728105,15.48785000341013,1,True,True,True,1,1,1
logic_02_contradiction_run_21,True,False,False,35.70790000958368,14.283160003833473,17.85395000479184,0,False,,True,1,1,1
logic_01_run_22,True,True,False,33.91429997282103,13.56571998912841,16.957149986410514,1,True,True,True,1,1,1
logic_02_contradiction_run_22,True,False,False,31.828200037125498,12.7312800148502,15.914100018562749,0,False,,True,1,1,1
logic_01_run_23,True,True,False,34.47230003075674,13.788920012302697,17.23615001537837,1,True,True,True,1,1,1
logic_02_contradiction_run_23,True,False,False,32.74080000119284,13.096320000477135,16.37040000059642,0,False,,True,1,1,1
logic_01_run_24,True,True,False,34.34950002701953,13.739800010807812,17.174750013509765,1,True,True,True,1,1,1
logic_02_contradiction_run_24,True,False,False,31.981399981305003,12.792559992522001,15.990699990652502,0,False,,True,1,1,1
logic_01_run_25,True,True,False,35.18990002339706,14.075960009358823,17.59495001169853,1,True,True,True,1,1,1
logic_02_contradiction_run_25,True,False,False,35.77090002363548,14.30836000945419,17.88545001181774,0,False,,True,1,1,1
logic_01_run_26,True,True,False,36.79540002485737,14.718160009942949,18.397700012428686,1,True,True,True,1,1,1
logic_02_contradiction_run_26,True,False,False,24.558300036005676,9.82332001440227,12.279150018002838,0,False,,True,1,1,1
logic_01_run_27,True,True,False,33.55370002100244,13.421480008400977,16.77685001050122,1,True,True,True,1,1,1
logic_02_contradiction_run_27,True,False,False,32.031299953814596,12.812519981525838,16.015649976907298,0,False,,True,1,1,1
logic_01_run_28,True,True,False,35.814200004097074,14.32568000163883,17.907100002048537,1,True,True,True,1,1,1
logic_02_contradiction_run_28,True,False,False,33.2485000253655,13.2994000101462,16.62425001268275,0,False,,True,1,1,1
logic_01_run_29,True,True,False,40.7561999745667,16.30247998982668,20.37809998728335,1,True,True,True,1,1,1
logic_02_contradiction_run_29,True,False,False,33.15949998795986,13.263799995183945,16.57974999397993,0,False,,True,1,1,1
